date	year	month	nr	relevance	quality	style	comment
1984-01	0	1	1	9	5	pass	Geburt
1984-02	0	2	2			pass	
1984-03	0	3	3			pass	
1984-04	0	4	4			pass	
1984-05	0	5	5			pass	
1984-06	0	6	6			pass	
1984-07	0	7	7			pass	
1984-08	0	8	8			pass	
1984-09	0	9	9			pass	
1984-10	0	10	10			pass	
1984-11	0	11	11			pass	
1984-12	0	12	12			pass	
1985-01	1	1	13			pass	
1985-02	1	2	14			pass	
1985-03	1	3	15			pass	
1985-04	1	4	16			pass	
1985-05	1	5	17			pass	
1985-06	1	6	18			pass	
1985-07	1	7	19			pass	
1985-08	1	8	20			pass	
1985-09	1	9	21			pass	
1985-10	1	10	22			pass	
1985-11	1	11	23			pass	
1985-12	1	12	24			pass	
1986-01	2	1	25			pass	
1986-02	2	2	26			pass	
1986-03	2	3	27			pass	
1986-04	2	4	28			pass	
1986-05	2	5	29			pass	
1986-06	2	6	30			pass	
1986-07	2	7	31			pass	
1986-08	2	8	32			pass	
1986-09	2	9	33			pass	
1986-10	2	10	34			pass	
1986-11	2	11	35			pass	
1986-12	2	12	36			pass	
1987-01	3	1	37			pass	
1987-02	3	2	38			pass	
1987-03	3	3	39			pass	
1987-04	3	4	40			pass	
1987-05	3	5	41			pass	
1987-06	3	6	42			pass	
1987-07	3	7	43			pass	
1987-08	3	8	44			pass	
1987-09	3	9	45			pass	
1987-10	3	10	46			pass	
1987-11	3	11	47			pass	
1987-12	3	12	48			pass	
1988-01	4	1	49			pass	
1988-02	4	2	50			pass	
1988-03	4	3	51			pass	
1988-04	4	4	52			pass	
1988-05	4	5	53			pass	
1988-06	4	6	54			pass	
1988-07	4	7	55			pass	
1988-08	4	8	56			pass	
1988-09	4	9	57			pass	
1988-10	4	10	58			pass	
1988-11	4	11	59			pass	
1988-12	4	12	60			pass	
1989-01	5	1	61			pass	
1989-02	5	2	62			pass	
1989-03	5	3	63			pass	
1989-04	5	4	64			pass	
1989-05	5	5	65			pass	
1989-06	5	6	66			pass	
1989-07	5	7	67			pass	
1989-08	5	8	68			pass	
1989-09	5	9	69			pass	
1989-10	5	10	70			pass	
1989-11	5	11	71			pass	
1989-12	5	12	72			pass	
1990-01	6	1	73			pass	
1990-02	6	2	74			pass	
1990-03	6	3	75			pass	
1990-04	6	4	76			pass	
1990-05	6	5	77			pass	
1990-06	6	6	78			pass	
1990-07	6	7	79			pass	
1990-08	6	8	80			pass	
1990-09	6	9	81			pass	
1990-10	6	10	82			pass	
1990-11	6	11	83			pass	
1990-12	6	12	84			pass	
1991-01	7	1	85			pass	
1991-02	7	2	86			pass	
1991-03	7	3	87			pass	
1991-04	7	4	88			pass	
1991-05	7	5	89			pass	
1991-06	7	6	90			pass	
1991-07	7	7	91			pass	
1991-08	7	8	92			pass	
1991-09	7	9	93			pass	
1991-10	7	10	94			pass	
1991-11	7	11	95			pass	
1991-12	7	12	96			pass	
1992-01	8	1	97			pass	
1992-02	8	2	98			pass	
1992-03	8	3	99			pass	
1992-04	8	4	100			pass	
1992-05	8	5	101			pass	
1992-06	8	6	102			pass	
1992-07	8	7	103			pass	
1992-08	8	8	104			pass	
1992-09	8	9	105			pass	
1992-10	8	10	106			pass	
1992-11	8	11	107			pass	
1992-12	8	12	108			pass	
1993-01	9	1	109			pass	
1993-02	9	2	110			pass	
1993-03	9	3	111			pass	
1993-04	9	4	112			pass	
1993-05	9	5	113			pass	
1993-06	9	6	114			pass	
1993-07	9	7	115			pass	
1993-08	9	8	116			pass	
1993-09	9	9	117			pass	
1993-10	9	10	118			pass	
1993-11	9	11	119			pass	
1993-12	9	12	120			pass	
1994-01	10	1	121			pass	
1994-02	10	2	122			pass	
1994-03	10	3	123			pass	
1994-04	10	4	124			pass	
1994-05	10	5	125			pass	
1994-06	10	6	126			pass	
1994-07	10	7	127			pass	
1994-08	10	8	128			pass	
1994-09	10	9	129			pass	
1994-10	10	10	130			pass	
1994-11	10	11	131			pass	
1994-12	10	12	132			pass	
1995-01	11	1	133			pass	
1995-02	11	2	134			pass	
1995-03	11	3	135			pass	
1995-04	11	4	136			pass	
1995-05	11	5	137			pass	
1995-06	11	6	138			pass	
1995-07	11	7	139			pass	
1995-08	11	8	140			pass	
1995-09	11	9	141			pass	
1995-10	11	10	142			pass	
1995-11	11	11	143			pass	
1995-12	11	12	144			pass	
1996-01	12	1	145			pass	
1996-02	12	2	146			pass	
1996-03	12	3	147			pass	
1996-04	12	4	148			pass	
1996-05	12	5	149			pass	
1996-06	12	6	150			pass	
1996-07	12	7	151			pass	
1996-08	12	8	152			pass	
1996-09	12	9	153			pass	Start Oberstufe in Seuzach
1996-10	12	10	154			pass	
1996-11	12	11	155			pass	
1996-12	12	12	156			pass	
1997-01	13	1	157			pass	
1997-02	13	2	158			pass	
1997-03	13	3	159			pass	
1997-04	13	4	160			pass	
1997-05	13	5	161			pass	
1997-06	13	6	162			pass	
1997-07	13	7	163			pass	
1997-08	13	8	164			pass	
1997-09	13	9	165			pass	
1997-10	13	10	166			pass	
1997-11	13	11	167			pass	
1997-12	13	12	168			pass	
1998-01	14	1	169			pass	
1998-02	14	2	170			pass	
1998-03	14	3	171			pass	
1998-04	14	4	172			pass	
1998-05	14	5	173			pass	
1998-06	14	6	174			pass	
1998-07	14	7	175			pass	
1998-08	14	8	176			pass	
1998-09	14	9	177			pass	Start Kantonsschule Büelrain Winterthur
1998-10	14	10	178			pass	
1998-11	14	11	179			pass	
1998-12	14	12	180			pass	
1999-01	15	1	181			pass	
1999-02	15	2	182			pass	
1999-03	15	3	183			pass	
1999-04	15	4	184			pass	
1999-05	15	5	185			pass	
1999-06	15	6	186			pass	
1999-07	15	7	187			pass	
1999-08	15	8	188			pass	
1999-09	15	9	189			pass	
1999-10	15	10	190			pass	
1999-11	15	11	191			pass	
1999-12	15	12	192			pass	
2000-01	16	1	193			pass	Jahrtausendwende. Erstaunlich langweilig, im Rückblick.
2000-02	16	2	194			pass	
2000-03	16	3	195			pass	
2000-04	16	4	196			pass	
2000-05	16	5	197			pass	
2000-06	16	6	198			pass	
2000-07	16	7	199			pass	
2000-08	16	8	200			pass	
2000-09	16	9	201			pass	
2000-10	16	10	202			pass	
2000-11	16	11	203			pass	
2000-12	16	12	204			pass	
2001-01	17	1	205			pass	
2001-02	17	2	206			pass	
2001-03	17	3	207			pass	
2001-04	17	4	208			pass	
2001-05	17	5	209			pass	
2001-06	17	6	210			pass	
2001-07	17	7	211			pass	
2001-08	17	8	212			pass	
2001-09	17	9	213			pass	
2001-10	17	10	214			pass	
2001-11	17	11	215			pass	
2001-12	17	12	216			pass	
2002-01	18	1	217			pass	
2002-02	18	2	218			pass	
2002-03	18	3	219			pass	
2002-04	18	4	220			pass	
2002-05	18	5	221			pass	
2002-06	18	6	222			pass	
2002-07	18	7	223			pass	
2002-08	18	8	224			pass	Letzte Maturprüfungen.
2002-09	18	9	225			pass	Maturreise.
2002-10	18	10	226			pass	Start Studium an der HSG
2002-11	18	11	227			pass	
2002-12	18	12	228			pass	
2003-01	19	1	229			pass	Wohnen im Osten. In St. Gallen.
2003-02	19	2	230			pass	
2003-03	19	3	231			pass	
2003-04	19	4	232			pass	
2003-05	19	5	233			pass	
2003-06	19	6	234			pass	
2003-07	19	7	235			pass	
2003-08	19	8	236			pass	
2003-09	19	9	237			pass	
2003-10	19	10	238			pass	
2003-11	19	11	239			pass	
2003-12	19	12	240			pass	
2004-01	20	1	241			pass	
2004-02	20	2	242			pass	
2004-03	20	3	243			pass	
2004-04	20	4	244			pass	
2004-05	20	5	245			pass	
2004-06	20	6	246			pass	
2004-07	20	7	247			pass	
2004-08	20	8	248			pass	
2004-09	20	9	249			pass	
2004-10	20	10	250			pass	
2004-11	20	11	251			pass	
2004-12	20	12	252			pass	
2005-01	21	1	253			pass	
2005-02	21	2	254			pass	
2005-03	21	3	255			pass	
2005-04	21	4	256			pass	
2005-05	21	5	257			pass	
2005-06	21	6	258			pass	
2005-07	21	7	259			pass	
2005-08	21	8	260			pass	
2005-09	21	9	261			pass	
2005-10	21	10	262			pass	
2005-11	21	11	263			pass	
2005-12	21	12	264			pass	
2006-01	22	1	265			pass	
2006-02	22	2	266			pass	
2006-03	22	3	267			pass	
2006-04	22	4	268			pass	
2006-05	22	5	269			pass	
2006-06	22	6	270			pass	
2006-07	22	7	271			pass	
2006-08	22	8	272			pass	
2006-09	22	9	273			pass	
2006-10	22	10	274			pass	
2006-11	22	11	275			pass	
2006-12	22	12	276			pass	
2007-01	23	1	277			pass	
2007-02	23	2	278			pass	
2007-03	23	3	279			pass	Mein Studium ist beendet, der Master ist in der Tasche.
2007-04	23	4	280			pass	
2007-05	23	5	281			pass	Mein erster Job bei Solution Providers
2007-06	23	6	282			pass	
2007-07	23	7	283			pass	Ich beziehe meine erste Wohnung in Dübendorf
2007-08	23	8	284			pass	
2007-09	23	9	285			pass	
2007-10	23	10	286			pass	
2007-11	23	11	287			pass	
2007-12	23	12	288			pass	
2008-01	24	1	289			pass	
2008-02	24	2	290			pass	
2008-03	24	3	291			pass	
2008-04	24	4	292			pass	Ich verreise auf unbestimmte Zeit nach Singapur
2008-05	24	5	293			pass	
2008-06	24	6	294			pass	
2008-07	24	7	295			pass	
2008-08	24	8	296			pass	
2008-09	24	9	297			pass	
2008-10	24	10	298			pass	
2008-11	24	11	299			pass	
2008-12	24	12	300			pass	Ich werde befördert. Zum ersten Mal.
2009-01	25	1	301			pass	
2009-02	25	2	302			pass	Ich bin erstmals in Hong Kong. Wow.
2009-03	25	3	303			pass	Jetzt arbeite ich in Hong Kong
2009-04	25	4	304			pass	Zwischen Singapur und Hong Kong pendeln. 
2009-05	25	5	305			pass	Zurück im beschaulichen Singapur.
2009-06	25	6	306			pass	
2009-07	25	7	307			pass	
2009-08	25	8	308			pass	
2009-09	25	9	309			pass	
2009-10	25	10	310			pass	
2009-11	25	11	311			pass	
2009-12	25	12	312			pass	Zurück in der Schweiz. Auch hier lässt es sich leben.
2010-01	26	1	313			pass	
2010-02	26	2	314			pass	Arbeiten in London.
2010-03	26	3	315			pass	Geschäftlich in Edinburgh
2010-04	26	4	316			pass	
2010-05	26	5	317			pass	
2010-06	26	6	318			pass	
2010-07	26	7	319			pass	
2010-08	26	8	320			pass	
2010-09	26	9	321			pass	Ich arbeite nun bei BearingPoint
2010-10	26	10	322			pass	
2010-11	26	11	323			pass	
2010-12	26	12	324			pass	
2011-01	27	1	325			pass	
2011-02	27	2	326			pass	
2011-03	27	3	327			pass	
2011-04	27	4	328			pass	
2011-05	27	5	329			pass	
2011-06	27	6	330			pass	
2011-07	27	7	331			pass	Ich arbeite nun bei der ZKB
2011-08	27	8	332			pass	
2011-09	27	9	333			pass	
2011-10	27	10	334			pass	
2011-11	27	11	335			pass	
2011-12	27	12	336			pass	
2012-01	28	1	337			pass	
2012-02	28	2	338			pass	
2012-03	28	3	339			pass	
2012-04	28	4	340			pass	
2012-05	28	5	341			pass	
2012-06	28	6	342			pass	
2012-07	28	7	343			pass	
2012-08	28	8	344			pass	
2012-09	28	9	345			pass	
2012-10	28	10	346			pass	
2012-11	28	11	347			pass	
2012-12	28	12	348			pass	
2013-01	29	1	349			pass	
2013-02	29	2	350			pass	
2013-03	29	3	351			pass	
2013-04	29	4	352			pass	
2013-05	29	5	353			pass	
2013-06	29	6	354			pass	
2013-07	29	7	355			pass	
2013-08	29	8	356			pass	
2013-09	29	9	357			pass	
2013-10	29	10	358			pass	
2013-11	29	11	359			pass	
2013-12	29	12	360			pass	
2014-01	30	1	361			pass	
2014-02	30	2	362			pass	
2014-03	30	3	363			pass	
2014-04	30	4	364			pass	
2014-05	30	5	365			pass	
2014-06	30	6	366			pass	
2014-07	30	7	367			pass	
2014-08	30	8	368			pass	
2014-09	30	9	369			pass	
2014-10	30	10	370			pass	
2014-11	30	11	371			pass	
2014-12	30	12	372			pass	
2015-01	31	1	373			now	
2015-02	31	2	374			tbd	
2015-03	31	3	375			tbd	
2015-04	31	4	376			tbd	
2015-05	31	5	377			tbd	
2015-06	31	6	378			tbd	
2015-07	31	7	379			tbd	
2015-08	31	8	380			tbd	
2015-09	31	9	381			tbd	
2015-10	31	10	382			tbd	
2015-11	31	11	383			tbd	
2015-12	31	12	384			tbd	
2016-01	32	1	385			tbd	
2016-02	32	2	386			tbd	
2016-03	32	3	387			tbd	
2016-04	32	4	388			tbd	
2016-05	32	5	389			tbd	
2016-06	32	6	390			tbd	
2016-07	32	7	391			tbd	
2016-08	32	8	392			tbd	
2016-09	32	9	393			tbd	
2016-10	32	10	394			tbd	
2016-11	32	11	395			tbd	
2016-12	32	12	396			tbd	
2017-01	33	1	397			tbd	
2017-02	33	2	398			tbd	
2017-03	33	3	399			tbd	
2017-04	33	4	400			tbd	
2017-05	33	5	401			tbd	
2017-06	33	6	402			tbd	
2017-07	33	7	403			tbd	
2017-08	33	8	404			tbd	
2017-09	33	9	405			tbd	
2017-10	33	10	406			tbd	
2017-11	33	11	407			tbd	
2017-12	33	12	408			tbd	
2018-01	34	1	409			tbd	
2018-02	34	2	410			tbd	
2018-03	34	3	411			tbd	
2018-04	34	4	412			tbd	
2018-05	34	5	413			tbd	
2018-06	34	6	414			tbd	
2018-07	34	7	415			tbd	
2018-08	34	8	416			tbd	
2018-09	34	9	417			tbd	
2018-10	34	10	418			tbd	
2018-11	34	11	419			tbd	
2018-12	34	12	420			tbd	
2019-01	35	1	421			tbd	
2019-02	35	2	422			tbd	
2019-03	35	3	423			tbd	
2019-04	35	4	424			tbd	
2019-05	35	5	425			tbd	
2019-06	35	6	426			tbd	
2019-07	35	7	427			tbd	
2019-08	35	8	428			tbd	
2019-09	35	9	429			tbd	
2019-10	35	10	430			tbd	
2019-11	35	11	431			tbd	
2019-12	35	12	432			tbd	
2020-01	36	1	433			tbd	
2020-02	36	2	434			tbd	
2020-03	36	3	435			tbd	
2020-04	36	4	436			tbd	
2020-05	36	5	437			tbd	
2020-06	36	6	438			tbd	
2020-07	36	7	439			tbd	
2020-08	36	8	440			tbd	
2020-09	36	9	441			tbd	
2020-10	36	10	442			tbd	
2020-11	36	11	443			tbd	
2020-12	36	12	444			tbd	
2021-01	37	1	445			tbd	
2021-02	37	2	446			tbd	
2021-03	37	3	447			tbd	
2021-04	37	4	448			tbd	
2021-05	37	5	449			tbd	
2021-06	37	6	450			tbd	
2021-07	37	7	451			tbd	
2021-08	37	8	452			tbd	
2021-09	37	9	453			tbd	
2021-10	37	10	454			tbd	
2021-11	37	11	455			tbd	
2021-12	37	12	456			tbd	
2022-01	38	1	457			tbd	
2022-02	38	2	458			tbd	
2022-03	38	3	459			tbd	
2022-04	38	4	460			tbd	
2022-05	38	5	461			tbd	
2022-06	38	6	462			tbd	
2022-07	38	7	463			tbd	
2022-08	38	8	464			tbd	
2022-09	38	9	465			tbd	
2022-10	38	10	466			tbd	
2022-11	38	11	467			tbd	
2022-12	38	12	468			tbd	
2023-01	39	1	469			tbd	
2023-02	39	2	470			tbd	
2023-03	39	3	471			tbd	
2023-04	39	4	472			tbd	
2023-05	39	5	473			tbd	
2023-06	39	6	474			tbd	
2023-07	39	7	475			tbd	
2023-08	39	8	476			tbd	
2023-09	39	9	477			tbd	
2023-10	39	10	478			tbd	
2023-11	39	11	479			tbd	
2023-12	39	12	480			tbd	
2024-01	40	1	481			tbd	
2024-02	40	2	482			tbd	
2024-03	40	3	483			tbd	
2024-04	40	4	484			tbd	
2024-05	40	5	485			tbd	
2024-06	40	6	486			tbd	
2024-07	40	7	487			tbd	
2024-08	40	8	488			tbd	
2024-09	40	9	489			tbd	
2024-10	40	10	490			tbd	
2024-11	40	11	491			tbd	
2024-12	40	12	492			tbd	
2025-01	41	1	493			tbd	
2025-02	41	2	494			tbd	
2025-03	41	3	495			tbd	
2025-04	41	4	496			tbd	
2025-05	41	5	497			tbd	
2025-06	41	6	498			tbd	
2025-07	41	7	499			tbd	
2025-08	41	8	500			tbd	
2025-09	41	9	501			tbd	
2025-10	41	10	502			tbd	
2025-11	41	11	503			tbd	
2025-12	41	12	504			tbd	
2026-01	42	1	505			tbd	
2026-02	42	2	506			tbd	
2026-03	42	3	507			tbd	
2026-04	42	4	508			tbd	
2026-05	42	5	509			tbd	
2026-06	42	6	510			tbd	
2026-07	42	7	511			tbd	
2026-08	42	8	512			tbd	
2026-09	42	9	513			tbd	
2026-10	42	10	514			tbd	
2026-11	42	11	515			tbd	
2026-12	42	12	516			tbd	
2027-01	43	1	517			tbd	
2027-02	43	2	518			tbd	
2027-03	43	3	519			tbd	
2027-04	43	4	520			tbd	
2027-05	43	5	521			tbd	
2027-06	43	6	522			tbd	
2027-07	43	7	523			tbd	
2027-08	43	8	524			tbd	
2027-09	43	9	525			tbd	
2027-10	43	10	526			tbd	
2027-11	43	11	527			tbd	
2027-12	43	12	528			tbd	
2028-01	44	1	529			tbd	
2028-02	44	2	530			tbd	
2028-03	44	3	531			tbd	
2028-04	44	4	532			tbd	
2028-05	44	5	533			tbd	
2028-06	44	6	534			tbd	
2028-07	44	7	535			tbd	
2028-08	44	8	536			tbd	
2028-09	44	9	537			tbd	
2028-10	44	10	538			tbd	
2028-11	44	11	539			tbd	
2028-12	44	12	540			tbd	
2029-01	45	1	541			tbd	
2029-02	45	2	542			tbd	
2029-03	45	3	543			tbd	
2029-04	45	4	544			tbd	
2029-05	45	5	545			tbd	
2029-06	45	6	546			tbd	
2029-07	45	7	547			tbd	
2029-08	45	8	548			tbd	
2029-09	45	9	549			tbd	
2029-10	45	10	550			tbd	
2029-11	45	11	551			tbd	
2029-12	45	12	552			tbd	
2030-01	46	1	553			tbd	
2030-02	46	2	554			tbd	
2030-03	46	3	555			tbd	
2030-04	46	4	556			tbd	
2030-05	46	5	557			tbd	
2030-06	46	6	558			tbd	
2030-07	46	7	559			tbd	
2030-08	46	8	560			tbd	
2030-09	46	9	561			tbd	
2030-10	46	10	562			tbd	
2030-11	46	11	563			tbd	
2030-12	46	12	564			tbd	
2031-01	47	1	565			tbd	
2031-02	47	2	566			tbd	
2031-03	47	3	567			tbd	
2031-04	47	4	568			tbd	
2031-05	47	5	569			tbd	
2031-06	47	6	570			tbd	
2031-07	47	7	571			tbd	
2031-08	47	8	572			tbd	
2031-09	47	9	573			tbd	
2031-10	47	10	574			tbd	
2031-11	47	11	575			tbd	
2031-12	47	12	576			tbd	
2032-01	48	1	577			tbd	
2032-02	48	2	578			tbd	
2032-03	48	3	579			tbd	
2032-04	48	4	580			tbd	
2032-05	48	5	581			tbd	
2032-06	48	6	582			tbd	
2032-07	48	7	583			tbd	
2032-08	48	8	584			tbd	
2032-09	48	9	585			tbd	
2032-10	48	10	586			tbd	
2032-11	48	11	587			tbd	
2032-12	48	12	588			tbd	
2033-01	49	1	589			tbd	
2033-02	49	2	590			tbd	
2033-03	49	3	591			tbd	
2033-04	49	4	592			tbd	
2033-05	49	5	593			tbd	
2033-06	49	6	594			tbd	
2033-07	49	7	595			tbd	
2033-08	49	8	596			tbd	
2033-09	49	9	597			tbd	
2033-10	49	10	598			tbd	
2033-11	49	11	599			tbd	
2033-12	49	12	600			tbd	
2034-01	50	1	601			tbd	
2034-02	50	2	602			tbd	
2034-03	50	3	603			tbd	
2034-04	50	4	604			tbd	
2034-05	50	5	605			tbd	
2034-06	50	6	606			tbd	
2034-07	50	7	607			tbd	
2034-08	50	8	608			tbd	
2034-09	50	9	609			tbd	
2034-10	50	10	610			tbd	
2034-11	50	11	611			tbd	
2034-12	50	12	612			tbd	
2035-01	51	1	613			tbd	
2035-02	51	2	614			tbd	
2035-03	51	3	615			tbd	
2035-04	51	4	616			tbd	
2035-05	51	5	617			tbd	
2035-06	51	6	618			tbd	
2035-07	51	7	619			tbd	
2035-08	51	8	620			tbd	
2035-09	51	9	621			tbd	
2035-10	51	10	622			tbd	
2035-11	51	11	623			tbd	
2035-12	51	12	624			tbd	
2036-01	52	1	625			tbd	
2036-02	52	2	626			tbd	
2036-03	52	3	627			tbd	
2036-04	52	4	628			tbd	
2036-05	52	5	629			tbd	
2036-06	52	6	630			tbd	
2036-07	52	7	631			tbd	
2036-08	52	8	632			tbd	
2036-09	52	9	633			tbd	
2036-10	52	10	634			tbd	
2036-11	52	11	635			tbd	
2036-12	52	12	636			tbd	
2037-01	53	1	637			tbd	
2037-02	53	2	638			tbd	
2037-03	53	3	639			tbd	
2037-04	53	4	640			tbd	
2037-05	53	5	641			tbd	
2037-06	53	6	642			tbd	
2037-07	53	7	643			tbd	
2037-08	53	8	644			tbd	
2037-09	53	9	645			tbd	
2037-10	53	10	646			tbd	
2037-11	53	11	647			tbd	
2037-12	53	12	648			tbd	
2038-01	54	1	649			tbd	
2038-02	54	2	650			tbd	
2038-03	54	3	651			tbd	
2038-04	54	4	652			tbd	
2038-05	54	5	653			tbd	
2038-06	54	6	654			tbd	
2038-07	54	7	655			tbd	
2038-08	54	8	656			tbd	
2038-09	54	9	657			tbd	
2038-10	54	10	658			tbd	
2038-11	54	11	659			tbd	
2038-12	54	12	660			tbd	
2039-01	55	1	661			tbd	
2039-02	55	2	662			tbd	
2039-03	55	3	663			tbd	
2039-04	55	4	664			tbd	
2039-05	55	5	665			tbd	
2039-06	55	6	666			tbd	
2039-07	55	7	667			tbd	
2039-08	55	8	668			tbd	
2039-09	55	9	669			tbd	
2039-10	55	10	670			tbd	
2039-11	55	11	671			tbd	
2039-12	55	12	672			tbd	
2040-01	56	1	673			tbd	
2040-02	56	2	674			tbd	
2040-03	56	3	675			tbd	
2040-04	56	4	676			tbd	
2040-05	56	5	677			tbd	
2040-06	56	6	678			tbd	
2040-07	56	7	679			tbd	
2040-08	56	8	680			tbd	
2040-09	56	9	681			tbd	
2040-10	56	10	682			tbd	
2040-11	56	11	683			tbd	
2040-12	56	12	684			tbd	
2041-01	57	1	685			tbd	
2041-02	57	2	686			tbd	
2041-03	57	3	687			tbd	
2041-04	57	4	688			tbd	
2041-05	57	5	689			tbd	
2041-06	57	6	690			tbd	
2041-07	57	7	691			tbd	
2041-08	57	8	692			tbd	
2041-09	57	9	693			tbd	
2041-10	57	10	694			tbd	
2041-11	57	11	695			tbd	
2041-12	57	12	696			tbd	
2042-01	58	1	697			tbd	
2042-02	58	2	698			tbd	
2042-03	58	3	699			tbd	
2042-04	58	4	700			tbd	
2042-05	58	5	701			tbd	
2042-06	58	6	702			tbd	
2042-07	58	7	703			tbd	
2042-08	58	8	704			tbd	
2042-09	58	9	705			tbd	
2042-10	58	10	706			tbd	
2042-11	58	11	707			tbd	
2042-12	58	12	708			tbd	
2043-01	59	1	709			tbd	
2043-02	59	2	710			tbd	
2043-03	59	3	711			tbd	
2043-04	59	4	712			tbd	
2043-05	59	5	713			tbd	
2043-06	59	6	714			tbd	
2043-07	59	7	715			tbd	
2043-08	59	8	716			tbd	
2043-09	59	9	717			tbd	
2043-10	59	10	718			tbd	
2043-11	59	11	719			tbd	
2043-12	59	12	720			tbd	
2044-01	60	1	721			tbd	
2044-02	60	2	722			tbd	
2044-03	60	3	723			tbd	
2044-04	60	4	724			tbd	
2044-05	60	5	725			tbd	
2044-06	60	6	726			tbd	
2044-07	60	7	727			tbd	
2044-08	60	8	728			tbd	
2044-09	60	9	729			tbd	
2044-10	60	10	730			tbd	
2044-11	60	11	731			tbd	
2044-12	60	12	732			tbd	
2045-01	61	1	733			tbd	
2045-02	61	2	734			tbd	
2045-03	61	3	735			tbd	
2045-04	61	4	736			tbd	
2045-05	61	5	737			tbd	
2045-06	61	6	738			tbd	
2045-07	61	7	739			tbd	
2045-08	61	8	740			tbd	
2045-09	61	9	741			tbd	
2045-10	61	10	742			tbd	
2045-11	61	11	743			tbd	
2045-12	61	12	744			tbd	
2046-01	62	1	745			tbd	
2046-02	62	2	746			tbd	
2046-03	62	3	747			tbd	
2046-04	62	4	748			tbd	
2046-05	62	5	749			tbd	
2046-06	62	6	750			tbd	
2046-07	62	7	751			tbd	
2046-08	62	8	752			tbd	
2046-09	62	9	753			tbd	
2046-10	62	10	754			tbd	
2046-11	62	11	755			tbd	
2046-12	62	12	756			tbd	
2047-01	63	1	757			tbd	
2047-02	63	2	758			tbd	
2047-03	63	3	759			tbd	
2047-04	63	4	760			tbd	
2047-05	63	5	761			tbd	
2047-06	63	6	762			tbd	
2047-07	63	7	763			tbd	
2047-08	63	8	764			tbd	
2047-09	63	9	765			tbd	
2047-10	63	10	766			tbd	
2047-11	63	11	767			tbd	
2047-12	63	12	768			tbd	
2048-01	64	1	769			tbd	
2048-02	64	2	770			tbd	
2048-03	64	3	771			tbd	
2048-04	64	4	772			tbd	
2048-05	64	5	773			tbd	
2048-06	64	6	774			tbd	
2048-07	64	7	775			tbd	
2048-08	64	8	776			tbd	
2048-09	64	9	777			tbd	
2048-10	64	10	778			tbd	
2048-11	64	11	779			tbd	
2048-12	64	12	780			tbd	
2049-01	65	1	781			tbd	Pensionierungsalter nach heutiger Sicht. Egal, ich arbeite sowieso weiter.
2049-02	65	2	782			tbd	
2049-03	65	3	783			tbd	
2049-04	65	4	784			tbd	
2049-05	65	5	785			tbd	
2049-06	65	6	786			tbd	
2049-07	65	7	787			tbd	
2049-08	65	8	788			tbd	
2049-09	65	9	789			tbd	
2049-10	65	10	790			tbd	
2049-11	65	11	791			tbd	
2049-12	65	12	792			tbd	
2050-01	66	1	793			tbd	
2050-02	66	2	794			tbd	
2050-03	66	3	795			tbd	
2050-04	66	4	796			tbd	
2050-05	66	5	797			tbd	
2050-06	66	6	798			tbd	
2050-07	66	7	799			tbd	
2050-08	66	8	800			tbd	
2050-09	66	9	801			tbd	
2050-10	66	10	802			tbd	
2050-11	66	11	803			tbd	
2050-12	66	12	804			tbd	
2051-01	67	1	805			tbd	
2051-02	67	2	806			tbd	
2051-03	67	3	807			tbd	
2051-04	67	4	808			tbd	
2051-05	67	5	809			tbd	
2051-06	67	6	810			tbd	
2051-07	67	7	811			tbd	
2051-08	67	8	812			tbd	
2051-09	67	9	813			tbd	
2051-10	67	10	814			tbd	
2051-11	67	11	815			tbd	
2051-12	67	12	816			tbd	
2052-01	68	1	817			tbd	
2052-02	68	2	818			tbd	
2052-03	68	3	819			tbd	
2052-04	68	4	820			tbd	
2052-05	68	5	821			tbd	
2052-06	68	6	822			tbd	
2052-07	68	7	823			tbd	
2052-08	68	8	824			tbd	
2052-09	68	9	825			tbd	
2052-10	68	10	826			tbd	
2052-11	68	11	827			tbd	
2052-12	68	12	828			tbd	
2053-01	69	1	829			tbd	
2053-02	69	2	830			tbd	
2053-03	69	3	831			tbd	
2053-04	69	4	832			tbd	
2053-05	69	5	833			tbd	
2053-06	69	6	834			tbd	
2053-07	69	7	835			tbd	
2053-08	69	8	836			tbd	
2053-09	69	9	837			tbd	
2053-10	69	10	838			tbd	
2053-11	69	11	839			tbd	
2053-12	69	12	840			tbd	
2054-01	70	1	841			tbd	
2054-02	70	2	842			tbd	
2054-03	70	3	843			tbd	
2054-04	70	4	844			tbd	
2054-05	70	5	845			tbd	
2054-06	70	6	846			tbd	
2054-07	70	7	847			tbd	
2054-08	70	8	848			tbd	
2054-09	70	9	849			tbd	
2054-10	70	10	850			tbd	
2054-11	70	11	851			tbd	
2054-12	70	12	852			tbd	
2055-01	71	1	853			tbd	
2055-02	71	2	854			tbd	
2055-03	71	3	855			tbd	
2055-04	71	4	856			tbd	
2055-05	71	5	857			tbd	
2055-06	71	6	858			tbd	
2055-07	71	7	859			tbd	
2055-08	71	8	860			tbd	
2055-09	71	9	861			tbd	
2055-10	71	10	862			tbd	
2055-11	71	11	863			tbd	
2055-12	71	12	864			tbd	
2056-01	72	1	865			tbd	
2056-02	72	2	866			tbd	
2056-03	72	3	867			tbd	
2056-04	72	4	868			tbd	
2056-05	72	5	869			tbd	
2056-06	72	6	870			tbd	
2056-07	72	7	871			tbd	
2056-08	72	8	872			tbd	
2056-09	72	9	873			tbd	
2056-10	72	10	874			tbd	
2056-11	72	11	875			tbd	
2056-12	72	12	876			tbd	
2057-01	73	1	877			tbd	
2057-02	73	2	878			tbd	
2057-03	73	3	879			tbd	
2057-04	73	4	880			tbd	
2057-05	73	5	881			tbd	
2057-06	73	6	882			tbd	
2057-07	73	7	883			tbd	
2057-08	73	8	884			tbd	
2057-09	73	9	885			tbd	
2057-10	73	10	886			tbd	
2057-11	73	11	887			tbd	
2057-12	73	12	888			tbd	
2058-01	74	1	889			tbd	
2058-02	74	2	890			tbd	
2058-03	74	3	891			tbd	
2058-04	74	4	892			tbd	
2058-05	74	5	893			tbd	
2058-06	74	6	894			tbd	
2058-07	74	7	895			tbd	
2058-08	74	8	896			tbd	
2058-09	74	9	897			tbd	
2058-10	74	10	898			tbd	
2058-11	74	11	899			tbd	
2058-12	74	12	900			tbd	
2059-01	75	1	901			tbd	
2059-02	75	2	902			tbd	
2059-03	75	3	903			tbd	
2059-04	75	4	904			tbd	
2059-05	75	5	905			tbd	
2059-06	75	6	906			tbd	
2059-07	75	7	907			tbd	
2059-08	75	8	908			tbd	
2059-09	75	9	909			tbd	
2059-10	75	10	910			tbd	
2059-11	75	11	911			tbd	
2059-12	75	12	912			tbd	
2060-01	76	1	913			tbd	
2060-02	76	2	914			tbd	
2060-03	76	3	915			tbd	
2060-04	76	4	916			tbd	
2060-05	76	5	917			tbd	
2060-06	76	6	918			tbd	
2060-07	76	7	919			tbd	
2060-08	76	8	920			tbd	
2060-09	76	9	921			tbd	
2060-10	76	10	922			tbd	
2060-11	76	11	923			tbd	
2060-12	76	12	924			tbd	
2061-01	77	1	925			tbd	
2061-02	77	2	926			tbd	
2061-03	77	3	927			tbd	
2061-04	77	4	928			tbd	
2061-05	77	5	929			tbd	
2061-06	77	6	930			tbd	
2061-07	77	7	931			tbd	
2061-08	77	8	932			tbd	
2061-09	77	9	933			tbd	
2061-10	77	10	934			tbd	
2061-11	77	11	935			tbd	
2061-12	77	12	936			tbd	
2062-01	78	1	937			tbd	
2062-02	78	2	938			tbd	
2062-03	78	3	939			tbd	
2062-04	78	4	940			tbd	
2062-05	78	5	941			tbd	
2062-06	78	6	942			tbd	
2062-07	78	7	943			tbd	
2062-08	78	8	944			tbd	
2062-09	78	9	945			tbd	
2062-10	78	10	946			tbd	
2062-11	78	11	947			tbd	
2062-12	78	12	948			tbd	
2063-01	79	1	949			tbd	
2063-02	79	2	950			tbd	
2063-03	79	3	951			tbd	
2063-04	79	4	952			tbd	
2063-05	79	5	953			tbd	
2063-06	79	6	954			tbd	
2063-07	79	7	955			tbd	
2063-08	79	8	956			tbd	
2063-09	79	9	957			tbd	
2063-10	79	10	958			tbd	
2063-11	79	11	959			tbd	
2063-12	79	12	960			tbd	Hier dürfte ich etwa sterben. Und, hat sich dieses Leben gelohnt?
